{
  "ap_score": 0.5444062599992983, 
  "auc_score": 0.94094056430048, 
  "error_rate": 4.522499999999994, 
  "loss": 0.1162687216158025
}