{
  "ap_score": 0.06677006516478026, 
  "auc_score": 0.5509631205279275, 
  "error_rate": 5.430812204555224, 
  "loss": 0.2104544197164154
}