{
  "ap_score": 0.1061581476436694, 
  "auc_score": 0.7020366683836042, 
  "error_rate": 5.6852252751618835, 
  "loss": 0.20164532993989895
}