{
  "ap_score": 0.7999345204092845, 
  "auc_score": 0.9775697784321444, 
  "error_rate": 3.49444444444444, 
  "loss": 0.08769424106817342
}