{
  "ap_score": 0.9465868013742639, 
  "auc_score": 0.9733651429052435, 
  "error_rate": 8.116275723125625, 
  "loss": 0.21748298842341476
}