{
  "ap_score": 0.4229525878159735, 
  "auc_score": 0.9005012250443033, 
  "error_rate": 7.1349987702812285, 
  "loss": 0.17773783645018035
}