{
  "ap_score": 0.8009235417611021, 
  "auc_score": 0.9787990932848394, 
  "error_rate": 2.549999999999997, 
  "loss": 0.07078861056477251
}