{
  "ap_score": 0.9243538627303852, 
  "auc_score": 0.9776301889022687, 
  "error_rate": 6.552287581699346, 
  "loss": 0.15015388087925108
}