{
  "ap_score": 0.052918712661007984, 
  "auc_score": 0.5252920872158273, 
  "error_rate": 4.769990128331685, 
  "loss": 0.1920032516180888
}