{
  "ap_score": 0.4964581640535146, 
  "auc_score": 0.9130406251534907, 
  "error_rate": 3.5853581724363437, 
  "loss": 0.11094953687393122
}