{
  "ap_score": 0.9392388592384044, 
  "auc_score": 0.9950413098074316, 
  "error_rate": 1.1924975320829247, 
  "loss": 0.03429897159111092
}