{
  "ap_score": 0.12668060385217572, 
  "auc_score": 0.5060272053609556, 
  "error_rate": 12.484815592024972, 
  "loss": 0.37773142119246
}