{
  "ap_score": 0.7115776769447258, 
  "auc_score": 0.9610384541410728, 
  "error_rate": 3.837204830397667, 
  "loss": 0.1032895213400327
}