{
  "ap_score": 0.4725669418620278, 
  "auc_score": 0.9243685629809958, 
  "error_rate": 5.299999999999997, 
  "loss": 0.13565485024596186
}