{
  "ap_score": 0.5761716760220814, 
  "auc_score": 0.9462211154774723, 
  "error_rate": 3.768015794669296, 
  "loss": 0.10381088168574526
}