{
  "ap_score": 0.12484815592024971, 
  "auc_score": 0.5, 
  "error_rate": 12.484815592024972, 
  "loss": 0.376568388402248
}