{
  "ap_score": 0.08093239398978821, 
  "auc_score": 0.609018811221601, 
  "error_rate": 5.329999999999998, 
  "loss": 0.20446201285175047
}