{
  "ap_score": 0.6982568021560114, 
  "auc_score": 0.9671214187839425, 
  "error_rate": 3.312158397516839, 
  "loss": 0.08710238727608963
}